{"box_name": ["A1", "1AD", "1A5", "1B2", "K3"], "item_dictionary": {"tissue_box": 0.0017302560000000001, "epsom_salts": 0.0027931680000000004, "duct_tape": 0.00045628800000000006, "bath_sponge": 0.0036299760000000005, "white_facecloth": 0.00120666, "glue_sticks": 0.00041513999999999993, "windex": 0.0016901269999999998, "flashlight": 6.375e-05, "black_fashion_gloves": 0.00073656, "hinged_ruled_index_cards": 0.00029057599999999996, "fiskars_scissors": 9.0024e-05, "colgate_toothbrush_4pk": 0.0004437850000000001, "scotch_sponges": 0.00063017, "burts_bees_baby_wipes": 0.00176715, "balloons": 0.0007966199999999999, "mouse_traps": 0.000729864, "avery_binder": 0.003206364, "pie_plates": 0.0033282, "crayons": 0.000229824, "marbles": 0.0011237850000000002, "measuring_spoons": 0.000293625, "plastic_wine_glass": 0.001354297, "laugh_out_loud_jokes": 0.00028673999999999995, "ice_cube_tray": 0.00174537, "irish_spring_soap": 0.0002496, "table_cloth": 0.001711798, "tennis_ball_container": 0.001292522, "toilet_brush": 0.0057548400000000015, "composition_book": 0.000521048, "robots_dvd": 0.00041779200000000005, "ticonderoga_pencils": 0.00023993999999999998, "band_aid_tape": 0.00033642, "mesh_cup": 0.0016951679999999997, "speed_stick": 0.000606096, "poland_spring_water": 0.0008622900000000001, "expo_eraser": 0.00027472499999999997, "robots_everywhere": 0.00020260800000000004, "reynolds_wrap": 0.000704671, "hanes_socks": 0.004344624, "hand_weight": 0.00048427199999999995}, "box_volume": [0.003752596, 0.007357007, 0.011579337000000002, 0.011571780000000002, 0.02597265], "box_fit_item": [["balloons", "band_aid_tape", "black_fashion_gloves", "burts_bees_baby_wipes", "colgate_toothbrush_4pk", "crayons", "duct_tape", "epsom_salts", "expo_eraser", "fiskars_scissors", "flashlight", "glue_sticks", "hand_weight", "hinged_ruled_index_cards", "irish_spring_soap", "laugh_out_loud_jokes", "measuring_spoons", "mouse_traps", "plastic_wine_glass", "poland_spring_water", "robots_dvd", "robots_everywhere", "scotch_sponges", "speed_stick", "tennis_ball_container", "ticonderoga_pencils", "white_facecloth"], ["balloons", "band_aid_tape", "black_fashion_gloves", "burts_bees_baby_wipes", "colgate_toothbrush_4pk", "composition_book", "crayons", "duct_tape", "epsom_salts", "expo_eraser", "fiskars_scissors", "flashlight", "glue_sticks", "hand_weight", "hanes_socks", "hinged_ruled_index_cards", "ice_cube_tray", "irish_spring_soap", "laugh_out_loud_jokes", "marbles", "measuring_spoons", "mouse_traps", "plastic_wine_glass", "poland_spring_water", "reynolds_wrap", "robots_dvd", "robots_everywhere", "scotch_sponges", "speed_stick", "tennis_ball_container", "ticonderoga_pencils", "white_facecloth", "windex"], ["avery_binder", "balloons", "band_aid_tape", "black_fashion_gloves", "burts_bees_baby_wipes", "colgate_toothbrush_4pk", "composition_book", "crayons", "duct_tape", "epsom_salts", "expo_eraser", "fiskars_scissors", "flashlight", "glue_sticks", "hand_weight", "hanes_socks", "hinged_ruled_index_cards", "ice_cube_tray", "irish_spring_soap", "laugh_out_loud_jokes", "marbles", "measuring_spoons", "mesh_cup", "mouse_traps", "pie_plates", "plastic_wine_glass", "poland_spring_water", "reynolds_wrap", "robots_dvd", "robots_everywhere", "scotch_sponges", "speed_stick", "tennis_ball_container", "ticonderoga_pencils", "tissue_box", "white_facecloth", "windex"], ["avery_binder", "balloons", "band_aid_tape", "black_fashion_gloves", "burts_bees_baby_wipes", "colgate_toothbrush_4pk", "composition_book", "crayons", "duct_tape", "epsom_salts", "expo_eraser", "fiskars_scissors", "flashlight", "glue_sticks", "hand_weight", "hanes_socks", "hinged_ruled_index_cards", "ice_cube_tray", "irish_spring_soap", "laugh_out_loud_jokes", "marbles", "measuring_spoons", "mouse_traps", "pie_plates", "plastic_wine_glass", "poland_spring_water", "reynolds_wrap", "robots_dvd", "robots_everywhere", "scotch_sponges", "speed_stick", "tennis_ball_container", "ticonderoga_pencils", "white_facecloth", "windex"], ["avery_binder", "balloons", "band_aid_tape", "bath_sponge", "black_fashion_gloves", "burts_bees_baby_wipes", "colgate_toothbrush_4pk", "composition_book", "crayons", "duct_tape", "epsom_salts", "expo_eraser", "fiskars_scissors", "flashlight", "glue_sticks", "hand_weight", "hanes_socks", "hinged_ruled_index_cards", "ice_cube_tray", "irish_spring_soap", "laugh_out_loud_jokes", "marbles", "measuring_spoons", "mesh_cup", "mouse_traps", "pie_plates", "plastic_wine_glass", "poland_spring_water", "reynolds_wrap", "robots_dvd", "robots_everywhere", "scotch_sponges", "speed_stick", "table_cloth", "tennis_ball_container", "ticonderoga_pencils", "tissue_box", "toilet_brush", "white_facecloth", "windex"]]}